Setup label,Number of terms using it,Example terms,REVIEW: Keep / Rename / Remove,REVIEW: Comments
Trauma team,114,Abdominal injury; Amputated part; Animal attack; Baby fell; Beaten; Bicycle crash,,
Oxygen / airway,52,Acute respiratory distress; Airway obstruction; Anaphylactic shock; Anaphylaxis; Asthma; Baby not breathing,,
Cardiac monitor,44,Angina; Aortic dissection; Atrial fibrillation; Building collapse; Buried by landslide; Buried in rubble,,
X-ray / ortho,36,Broken ankle; Broken arm; Broken cheekbone; Broken collarbone; Broken elbow; Broken finger,,
Spinal precautions,34,Back injury from fall; Bicycle crash; Broken back; Bus crash; Bus fell; Car crash,,
OB / delivery,33,Baby coming out; Baby crowning; Breech baby; Childbirth; Contractions; Convulsions in pregnancy,,
Blood / OR,32,Black stool; Blast injury; Bleeding shock; Bleeding that will not stop; Bloody stool; Broken pelvis,,
Poison control / toxicology,27,Alcohol poisoning; Cassava poisoning; Child poisoned; Cyanide poisoning; Drug overdose; Fish poisoning,,
IV fluids,25,Building collapse; Buried by landslide; Buried in rubble; Cholera; Collapsed roof; Collapsed wall,,
Resus bay,24,Acute respiratory distress; Anaphylactic shock; Anaphylaxis; Aortic dissection; Baby not breathing; Baby not crying,,
Neuro obs,21,Alcohol withdrawal; Brain bleed; Brain injury; Coma; Concussion; Confusion,,
Burn care,20,Burn; Burn on foot; Burn on hand; Chemical burn; Child burned; Dynamite fishing blast,,
Paediatrics,19,Baby coming out; Baby crowning; Baby not breathing; Baby not crying; Chest indrawing; Child burned,,
Surgical team,19,Abdominal injury; Aortic dissection; Appendicitis; Compartment syndrome; Diverticulitis; Finger cut off,,
CT / neurosurgery,18,Brain bleed; Brain injury; Concussion; Epidural hematoma; Fall on head; Gunshot to head,,
Isolation room,17,COVID-19; Chickenpox; Cholera; Diphtheria; Encephalitis; Fever and rash,,
Airway + warming,16,Boat capsized; Child fell into water; Drowning in bathtub; Drowning in flood; Drowning in pool; Drowning in river,,
Wound care,16,Animal bite; Bacterial wound infection; Coral cut; Cut by machine; Dog attack; Dog bite,,
ECG / cardiology,14,Angina; Atrial fibrillation; Chest tightness; Endocarditis; Fast heartbeat; Heart attack,,
Eye / ENT,14,Chemical in eye; Conjunctivitis; Corneal abrasion; Ear infection; Eye injury; Eye wound,,
Haemostasis,14,Bleeding from ear; Bleeding from head; Bleeding from wound that soaks through; Bleeding that will not stop; Chainsaw injury; Covered in blood,,
Suturing,13,Cut; Cut by glass; Cut by knife; Deep cut; Deep wound on arm; Deep wound on leg,,
Stroke team / CT,12,Facial drooping; Mini stroke; Slurred speech; Stroke; Sudden difficulty speaking; Sudden loss of vision,,
Mental health / safety watch,10,Aggression; Agitation; Hearing voices; Psychosis; Self-harm; Suicidal thoughts,,
Decontamination,8,Chemical burn; Chemical exposure; Chemical in eye; Chemical on skin; Chemical spill; Gas exposure,,
Animal bite service,6,Animal bite; Dog attack; Dog bite; Human bite; Rat bite; Suspected rabies exposure,,
Glucose check,4,Diabetic emergency; High blood sugar; Low blood sugar; Not waking up,,
Protection services,4,Child abuse; Domestic violence; Sexual assault; Shaken baby,,
Active warming,3,Cold exposure; Frostbite; Hypothermia,,
Antivenom,3,Sea snake bite; Snake bite; Snakebite envenomation,,
Active cooling,2,Heat exposure; Heat stroke,,
