Term (English),Category,Filipino (draft),Suggested setup (resource to get ready),Other setups for this term,REVIEW: Status (Approved / Needs change / Remove / Unsure),REVIEW: Corrected setup,REVIEW: Comments
Acute respiratory distress,condition,ARDS,Resus bay,Oxygen / airway,,,
Acute respiratory distress,condition,ARDS,Oxygen / airway,Resus bay,,,
Airway obstruction,condition,Barado ang daanan ng hangin,Oxygen / airway,,,,
Alcohol withdrawal,condition,Alcohol withdrawal,Neuro obs,,,,
Anaphylactic shock,condition,Anaphylactic shock,Resus bay,Oxygen / airway,,,
Anaphylactic shock,condition,Anaphylactic shock,Oxygen / airway,Resus bay,,,
Angina,condition,Angina,ECG / cardiology,Cardiac monitor,,,
Angina,condition,Angina,Cardiac monitor,ECG / cardiology,,,
Aortic dissection,condition,Aortic dissection,Resus bay,Cardiac monitor; Surgical team,,,
Aortic dissection,condition,Aortic dissection,Cardiac monitor,Resus bay; Surgical team,,,
Aortic dissection,condition,Aortic dissection,Surgical team,Resus bay; Cardiac monitor,,,
Appendicitis,condition,Apendisitis,Surgical team,,,,
Asthma,condition,Hika,Oxygen / airway,,,,
Atrial fibrillation,condition,Atrial fibrillation,ECG / cardiology,Cardiac monitor,,,
Atrial fibrillation,condition,Atrial fibrillation,Cardiac monitor,ECG / cardiology,,,
Bacterial wound infection,condition,Infected ang sugat,Wound care,,,,
Bleeding shock,condition,Shock dahil sa dugo,Resus bay,Blood / OR,,,
Bleeding shock,condition,Shock dahil sa dugo,Blood / OR,Resus bay,,,
Brain bleed,condition,Pagdurugo sa utak,CT / neurosurgery,Neuro obs,,,
Brain bleed,condition,Pagdurugo sa utak,Neuro obs,CT / neurosurgery,,,
Brain injury,condition,Pinsala sa utak,CT / neurosurgery,Neuro obs,,,
Brain injury,condition,Pinsala sa utak,Neuro obs,CT / neurosurgery,,,
Breech baby,condition,Suhi ang bata,OB / delivery,,,,
Bronchiolitis,condition,Bronchiolitis,Oxygen / airway,,,,
Carbon monoxide poisoning,condition,Nalason sa carbon monoxide,Oxygen / airway,,,,
Cardiac arrest,condition,Huminto ang puso,Resus bay,Cardiac monitor,,,
Cardiac arrest,condition,Huminto ang puso,Cardiac monitor,Resus bay,,,
Cardiac tamponade,condition,Cardiac tamponade,Trauma team,Oxygen / airway,,,
Cardiac tamponade,condition,Cardiac tamponade,Oxygen / airway,Trauma team,,,
Cassava poisoning,condition,Nalason sa kamoteng kahoy,Poison control / toxicology,,,,
Chickenpox,condition,Bulutong,Isolation room,,,,
Cholera,condition,Kolera,Isolation room,IV fluids,,,
Cholera,condition,Kolera,IV fluids,Isolation room,,,
Collapsed lung,condition,Bumagsak ang baga,Trauma team,Oxygen / airway,,,
Collapsed lung,condition,Bumagsak ang baga,Oxygen / airway,Trauma team,,,
Coma,condition,Coma,Resus bay,Neuro obs,,,
Coma,condition,Coma,Neuro obs,Resus bay,,,
Compartment syndrome,condition,Compartment syndrome,X-ray / ortho,Surgical team,,,
Compartment syndrome,condition,Compartment syndrome,Surgical team,X-ray / ortho,,,
Conjunctivitis,condition,Sore eyes,Eye / ENT,,,,
COPD,condition,COPD,Oxygen / airway,,,,
Coral cut,condition,Nahiwa ng coral,Wound care,,,,
Cord around neck,condition,Pulupot ang pusod,OB / delivery,,,,
Cord prolapse,condition,Cord prolapse,OB / delivery,,,,
Corneal abrasion,condition,Gasgas sa kornea,Eye / ENT,,,,
COVID-19,condition,COVID,Isolation room,,,,
Crocodile attack,condition,Inatake ng buwaya,Trauma team,,,,
Croup,condition,Croup,Oxygen / airway,,,,
Crush syndrome,condition,Crush syndrome,Trauma team,Cardiac monitor; IV fluids,,,
Crush syndrome,condition,Crush syndrome,Cardiac monitor,Trauma team; IV fluids,,,
Crush syndrome,condition,Crush syndrome,IV fluids,Trauma team; Cardiac monitor,,,
Cyanide poisoning,condition,Cyanide poisoning,Poison control / toxicology,,,,
Diabetic emergency,condition,Diabetic emergency,Glucose check,IV fluids; Cardiac monitor,,,
Diabetic emergency,condition,Diabetic emergency,IV fluids,Glucose check; Cardiac monitor,,,
Diabetic emergency,condition,Diabetic emergency,Cardiac monitor,Glucose check; IV fluids,,,
Diphtheria,condition,Dipterya,Isolation room,,,,
Diverticulitis,condition,Diverticulitis,Surgical team,,,,
Ear infection,condition,Impeksyon sa tainga,Eye / ENT,,,,
Eclampsia,condition,Eclampsia,OB / delivery,Neuro obs,,,
Eclampsia,condition,Eclampsia,Neuro obs,OB / delivery,,,
Ectopic pregnancy,condition,Ectopic pregnancy,OB / delivery,,,,
Encephalitis,condition,Encephalitis,Isolation room,Neuro obs,,,
Encephalitis,condition,Encephalitis,Neuro obs,Isolation room,,,
Endocarditis,condition,Endocarditis,ECG / cardiology,Cardiac monitor,,,
Endocarditis,condition,Endocarditis,Cardiac monitor,ECG / cardiology,,,
Epidural hematoma,condition,Epidural hematoma,CT / neurosurgery,Trauma team,,,
Epidural hematoma,condition,Epidural hematoma,Trauma team,CT / neurosurgery,,,
Epilepsy,condition,Epilepsy,Neuro obs,,,,
Esophageal varices,condition,Esophageal varices,Blood / OR,,,,
Febrile seizure,condition,Kumbulsyon dahil sa lagnat,Neuro obs,Paediatrics,,,
Febrile seizure,condition,Kumbulsyon dahil sa lagnat,Paediatrics,Neuro obs,,,
Fish poisoning,condition,Nalason sa isda,Poison control / toxicology,,,,
Flail chest,condition,Flail chest,Trauma team,Oxygen / airway,,,
Flail chest,condition,Flail chest,Oxygen / airway,Trauma team,,,
Gangrene,condition,Gangrene,Surgical team,,,,
Gastroenteritis,condition,Gastroenteritis,IV fluids,,,,
Gastrointestinal bleeding,condition,GI bleeding,Blood / OR,,,,
Heart attack,condition,Atake sa puso,ECG / cardiology,Cardiac monitor,,,
Heart attack,condition,Atake sa puso,Cardiac monitor,ECG / cardiology,,,
Heart failure,condition,Heart failure,Oxygen / airway,Cardiac monitor,,,
Heart failure,condition,Heart failure,Cardiac monitor,Oxygen / airway,,,
Hemothorax,condition,Hemothorax,Trauma team,Oxygen / airway,,,
Hemothorax,condition,Hemothorax,Oxygen / airway,Trauma team,,,
Hepatic encephalopathy,condition,Hepatic encephalopathy,Neuro obs,,,,
Hernia,condition,Luslos,Surgical team,,,,
High blood sugar,condition,Mataas ang asukal,Glucose check,,,,
Hyperemesis gravidarum,condition,Matinding pagsusuka sa pagbubuntis,OB / delivery,,,,
Hyperkalemia,condition,Hyperkalemia,ECG / cardiology,Cardiac monitor,,,
Hyperkalemia,condition,Hyperkalemia,Cardiac monitor,ECG / cardiology,,,
Hypertensive crisis,condition,Hypertensive crisis,ECG / cardiology,Cardiac monitor,,,
Hypertensive crisis,condition,Hypertensive crisis,Cardiac monitor,ECG / cardiology,,,
Hypoxia,condition,Kulang sa oxygen,Oxygen / airway,,,,
Influenza,condition,Trangkaso,Isolation room,,,,
Internal bleeding,condition,Pagdurugo sa loob,Blood / OR,Trauma team,,,
Internal bleeding,condition,Pagdurugo sa loob,Trauma team,Blood / OR,,,
Intestinal obstruction,condition,Barado ang bituka,Surgical team,,,,
Lead poisoning,condition,Lead poisoning,Poison control / toxicology,,,,
Low birth weight,condition,Mababa ang timbang ng bagong silang,Paediatrics,,,,
Low blood sugar,condition,Mababa ang asukal,Glucose check,,,,
Malignant hyperthermia,condition,Malignant hyperthermia,Resus bay,,,,
Measles,condition,Tigdas,Isolation room,,,,
Meconium aspiration,condition,Meconium aspiration,Oxygen / airway,Paediatrics,,,
Meconium aspiration,condition,Meconium aspiration,Paediatrics,Oxygen / airway,,,
Meningitis,condition,Meningitis,Isolation room,Neuro obs,,,
Meningitis,condition,Meningitis,Neuro obs,Isolation room,,,
Mercury exposure,condition,Mercury exposure,Poison control / toxicology,,,,
Methanol poisoning,condition,Nalason sa methanol,Poison control / toxicology,,,,
Mini stroke,condition,Mini stroke,Stroke team / CT,,,,
Molar pregnancy,condition,Molar pregnancy,OB / delivery,,,,
Mpox,condition,Mpox,Isolation room,,,,
Mushroom poisoning,condition,Nalason sa kabute,Poison control / toxicology,,,,
Necrotizing fasciitis,condition,Necrotizing fasciitis,Surgical team,,,,
Neonatal asphyxia,condition,Hindi umiyak ang sanggol,Paediatrics,,,,
Neonatal sepsis,condition,Neonatal sepsis,Paediatrics,,,,
Neuroleptic malignant syndrome,condition,Neuroleptic malignant syndrome,Resus bay,,,,
Organophosphate poisoning,condition,Nalason sa organophosphate,Poison control / toxicology,,,,
Outer ear infection,condition,Otitis externa,Eye / ENT,,,,
Pancreatitis,condition,Pancreatitis,Surgical team,,,,
Paracetamol overdose,condition,Overdose sa paracetamol,Poison control / toxicology,,,,
Pericarditis,condition,Pericarditis,ECG / cardiology,Cardiac monitor,,,
Pericarditis,condition,Pericarditis,Cardiac monitor,ECG / cardiology,,,
Peritonitis,condition,Peritonitis,Surgical team,,,,
Placenta previa,condition,Placenta previa,OB / delivery,,,,
Placental abruption,condition,Placental abruption,OB / delivery,,,,
Pleural effusion,condition,Tubig sa baga,Oxygen / airway,,,,
Pneumonia,condition,Pulmonya,Oxygen / airway,,,,
Pneumothorax,condition,Pneumothorax,Trauma team,Oxygen / airway,,,
Pneumothorax,condition,Pneumothorax,Oxygen / airway,Trauma team,,,
Pre-eclampsia,condition,Pre-eclampsia,OB / delivery,,,,
Pregnancy complication,condition,Komplikasyon sa pagbubuntis,OB / delivery,,,,
Premature baby,condition,Premature ang sanggol,Paediatrics,,,,
Psychosis,condition,Psychosis,Mental health / safety watch,,,,
Pufferfish poisoning,condition,Nalason sa butete,Poison control / toxicology,,,,
Pulmonary edema,condition,Pulmonary edema,Oxygen / airway,Cardiac monitor,,,
Pulmonary edema,condition,Pulmonary edema,Cardiac monitor,Oxygen / airway,,,
Pulmonary embolism,condition,Pulmonary embolism,Oxygen / airway,,,,
Rat poison ingestion,condition,Nakainom ng lason sa daga,Poison control / toxicology,,,,
Red tide poisoning,condition,Nalason sa red tide,Poison control / toxicology,,,,
Respiratory failure,condition,Respiratory failure,Resus bay,Oxygen / airway,,,
Respiratory failure,condition,Respiratory failure,Oxygen / airway,Resus bay,,,
Retained placenta,condition,Hindi lumabas ang inunan,OB / delivery,,,,
Retinal detachment,condition,Retinal detachment,Eye / ENT,,,,
Rhabdomyolysis,condition,Rhabdomyolysis,IV fluids,Cardiac monitor,,,
Rhabdomyolysis,condition,Rhabdomyolysis,Cardiac monitor,IV fluids,,,
Sea snake bite,condition,Kinagat ng ahas sa dagat,Antivenom,Cardiac monitor,,,
Sea snake bite,condition,Kinagat ng ahas sa dagat,Cardiac monitor,Antivenom,,,
Sea urchin injury,condition,Natusok ng sea urchin,Wound care,,,,
Sepsis,condition,Sepsis,Resus bay,IV fluids; Cardiac monitor,,,
Sepsis,condition,Sepsis,IV fluids,Resus bay; Cardiac monitor,,,
Sepsis,condition,Sepsis,Cardiac monitor,Resus bay; IV fluids,,,
Septic shock,condition,Septic shock,Resus bay,IV fluids; Cardiac monitor,,,
Septic shock,condition,Septic shock,IV fluids,Resus bay; Cardiac monitor,,,
Septic shock,condition,Septic shock,Cardiac monitor,Resus bay; IV fluids,,,
Serotonin syndrome,condition,Serotonin syndrome,Resus bay,,,,
Severe dehydration,condition,Matinding dehydration,IV fluids,,,,
Shark attack,condition,Inatake ng pating,Trauma team,,,,
Shingles,condition,Shingles,Isolation room,,,,
Shock,condition,Shock,Resus bay,IV fluids; Cardiac monitor,,,
Shock,condition,Shock,IV fluids,Resus bay; Cardiac monitor,,,
Shock,condition,Shock,Cardiac monitor,Resus bay; IV fluids,,,
Shoulder dystocia,condition,Shoulder dystocia,OB / delivery,,,,
Snakebite envenomation,condition,Nalason ng ahas,Antivenom,Cardiac monitor,,,
Snakebite envenomation,condition,Nalason ng ahas,Cardiac monitor,Antivenom,,,
Spinal cord injury,condition,Pinsala sa spinal cord,Spinal precautions,CT / neurosurgery,,,
Spinal cord injury,condition,Pinsala sa spinal cord,CT / neurosurgery,Spinal precautions,,,
Status epilepticus,condition,Tuloy-tuloy na kumbulsyon,Resus bay,Neuro obs,,,
Status epilepticus,condition,Tuloy-tuloy na kumbulsyon,Neuro obs,Resus bay,,,
Stillbirth,condition,Patay na isinilang,Paediatrics,,,,
Stonefish sting,condition,Natusok ng stonefish,Wound care,,,,
Stroke,condition,Stroke,Stroke team / CT,,,,
Subarachnoid hemorrhage,condition,Subarachnoid hemorrhage,CT / neurosurgery,Trauma team,,,
Subarachnoid hemorrhage,condition,Subarachnoid hemorrhage,Trauma team,CT / neurosurgery,,,
Subdural hematoma,condition,Subdural hematoma,CT / neurosurgery,Trauma team,,,
Subdural hematoma,condition,Subdural hematoma,Trauma team,CT / neurosurgery,,,
Sudden infant death,condition,Biglaang pagkamatay ng sanggol,Resus bay,,,,
Suspected appendicitis,condition,Hinihinalang apendisitis,Surgical team,,,,
Suspected COVID-19,condition,Hinihinalang COVID,Isolation room,,,,
Suspected fracture,condition,Hinihinalang bali,X-ray / ortho,,,,
Suspected head injury,condition,Hinihinalang pinsala sa ulo,CT / neurosurgery,,,,
Suspected heart attack,condition,Hinihinalang atake sa puso,ECG / cardiology,Cardiac monitor,,,
Suspected heart attack,condition,Hinihinalang atake sa puso,Cardiac monitor,ECG / cardiology,,,
Suspected internal bleeding,condition,Hinihinalang pagdurugo sa loob,Trauma team,Blood / OR,,,
Suspected internal bleeding,condition,Hinihinalang pagdurugo sa loob,Blood / OR,Trauma team,,,
Suspected overdose,condition,Hinihinalang overdose,Poison control / toxicology,,,,
Suspected pneumonia,condition,Hinihinalang pulmonya,Oxygen / airway,,,,
Suspected poisoning,condition,Hinihinalang pagkalason,Poison control / toxicology,,,,
Suspected rabies exposure,condition,Posibleng nalantad sa rabies,Wound care,Animal bite service,,,
Suspected rabies exposure,condition,Posibleng nalantad sa rabies,Animal bite service,Wound care,,,
Suspected spinal injury,condition,Hinihinalang pinsala sa gulugod,Trauma team,Spinal precautions,,,
Suspected spinal injury,condition,Hinihinalang pinsala sa gulugod,Spinal precautions,Trauma team,,,
Suspected stroke,condition,Hinihinalang stroke,Stroke team / CT,,,,
Suspected TB,condition,Hinihinalang TB,Isolation room,,,,
Tension pneumothorax,condition,Tension pneumothorax,Trauma team,Oxygen / airway,,,
Tension pneumothorax,condition,Tension pneumothorax,Oxygen / airway,Trauma team,,,
Testicular torsion,condition,Testicular torsion,Surgical team,,,,
Thyroid storm,condition,Thyroid storm,Resus bay,,,,
Tuberculosis,condition,TB,Isolation room,,,,
Uterine rupture,condition,Uterine rupture,OB / delivery,,,,
Uveitis,condition,Uveitis,Eye / ENT,,,,
Whooping cough,condition,Pertussis,Isolation room,,,,
Abdominal injury,injury,Napinsala ang tiyan,Trauma team,Surgical team,,,
Abdominal injury,injury,Napinsala ang tiyan,Surgical team,Trauma team,,,
Animal attack,injury,Inatake ng hayop,Trauma team,,,,
Animal bite,injury,Kinagat ng hayop,Wound care,Animal bite service,,,
Animal bite,injury,Kinagat ng hayop,Animal bite service,Wound care,,,
Back injury from fall,injury,Nahulog at masakit ang likod,Spinal precautions,,,,
Beaten,injury,Binugbog,Trauma team,,,,
Blast injury,injury,Natamaan ng pagsabog,Trauma team,Blood / OR,,,
Blast injury,injury,Natamaan ng pagsabog,Blood / OR,Trauma team,,,
Broken ankle,injury,Nabali ang bukung-bukong,X-ray / ortho,,,,
Broken arm,injury,Nabali ang braso,X-ray / ortho,,,,
Broken back,injury,Nabali ang likod,Trauma team,Spinal precautions,,,
Broken back,injury,Nabali ang likod,Spinal precautions,Trauma team,,,
Broken cheekbone,injury,Nabali ang pisngi,X-ray / ortho,,,,
Broken collarbone,injury,Nabali ang balagat,X-ray / ortho,,,,
Broken elbow,injury,Nabali ang siko,X-ray / ortho,,,,
Broken finger,injury,Nabali ang daliri,X-ray / ortho,,,,
Broken foot,injury,Nabali ang paa,X-ray / ortho,,,,
Broken hip,injury,Nabali ang balakang,X-ray / ortho,,,,
Broken jaw,injury,Nabali ang panga,X-ray / ortho,,,,
Broken knee,injury,Nabali ang tuhod,X-ray / ortho,,,,
Broken leg,injury,Nabali ang binti,X-ray / ortho,,,,
Broken nose,injury,Nabali ang ilong,X-ray / ortho,,,,
Broken pelvis,injury,Nabali ang balakang,Trauma team,Blood / OR,,,
Broken pelvis,injury,Nabali ang balakang,Blood / OR,Trauma team,,,
Broken ribs,injury,Nabali ang tadyang,X-ray / ortho,,,,
Broken shoulder,injury,Nabali ang balikat,X-ray / ortho,,,,
Broken thigh,injury,Nabali ang hita,X-ray / ortho,,,,
Broken wrist,injury,Nabali ang pulso,X-ray / ortho,,,,
Burn,injury,Napaso,Burn care,,,,
Burn on foot,injury,Napaso ang paa,Burn care,,,,
Burn on hand,injury,Napaso ang kamay,Burn care,,,,
Chemical burn,injury,Napaso ng kemikal,Burn care,Decontamination,,,
Chemical burn,injury,Napaso ng kemikal,Decontamination,Burn care,,,
Chemical in eye,injury,Natalsikan ng kemikal ang mata,Decontamination,Eye / ENT,,,
Chemical in eye,injury,Natalsikan ng kemikal ang mata,Eye / ENT,Decontamination,,,
Chest injury,injury,Napinsala ang dibdib,Trauma team,,,,
Concussion,injury,Concussion,CT / neurosurgery,Neuro obs,,,
Concussion,injury,Concussion,Neuro obs,CT / neurosurgery,,,
Crush injury,injury,Naipit ang katawan,Trauma team,Cardiac monitor; IV fluids,,,
Crush injury,injury,Naipit ang katawan,Cardiac monitor,Trauma team; IV fluids,,,
Crush injury,injury,Naipit ang katawan,IV fluids,Trauma team; Cardiac monitor,,,
Cut,injury,Hiwa,Suturing,,,,
Cut by glass,injury,Nahiwa ng salamin,Suturing,,,,
Cut by knife,injury,Nahiwa ng kutsilyo,Suturing,,,,
Cut by machine,injury,Naipit sa makina,Wound care,,,,
Deep cut,injury,Malalim na hiwa,Suturing,,,,
Deep wound on arm,injury,Malalim na sugat sa braso,Suturing,Haemostasis,,,
Deep wound on arm,injury,Malalim na sugat sa braso,Haemostasis,Suturing,,,
Deep wound on leg,injury,Malalim na sugat sa binti,Suturing,Haemostasis,,,
Deep wound on leg,injury,Malalim na sugat sa binti,Haemostasis,Suturing,,,
Dislocated finger,injury,Nalinsad ang daliri,X-ray / ortho,,,,
Dislocated hip,injury,Nalinsad ang balakang,X-ray / ortho,,,,
Dislocated knee,injury,Nalinsad ang tuhod,X-ray / ortho,,,,
Dislocated shoulder,injury,Nalinsad ang balikat,X-ray / ortho,,,,
Dislocation,injury,Nalinsad,X-ray / ortho,,,,
Dog attack,injury,Inatake ng aso,Wound care,Animal bite service,,,
Dog attack,injury,Inatake ng aso,Animal bite service,Wound care,,,
Dog bite,injury,Nakagat ng aso,Wound care,Animal bite service,,,
Dog bite,injury,Nakagat ng aso,Animal bite service,Wound care,,,
Electric shock,injury,Nakuryente,Cardiac monitor,,,,
Electrical burn,injury,Nakuryente ang balat,Burn care,,,,
Eye injury,injury,Napinsala ang mata,Eye / ENT,,,,
Eye wound,injury,Sugat sa mata,Eye / ENT,,,,
Facial burns,injury,Nasunog ang mukha,Burn care,Oxygen / airway,,,
Facial burns,injury,Nasunog ang mukha,Oxygen / airway,Burn care,,,
Facial injury,injury,Napinsala ang mukha,Trauma team,,,,
Fall from bed,injury,Nahulog sa kama,X-ray / ortho,,,,
Fall from height,injury,Nahulog mula sa mataas,Trauma team,Spinal precautions,,,
Fall from height,injury,Nahulog mula sa mataas,Spinal precautions,Trauma team,,,
Fall from stairs,injury,Nahulog sa hagdan,Trauma team,Spinal precautions,,,
Fall from stairs,injury,Nahulog sa hagdan,Spinal precautions,Trauma team,,,
Fall injury,injury,Nahulog,X-ray / ortho,,,,
Fall on head,injury,Bumagsak ang ulo,CT / neurosurgery,,,,
Finger cut off,injury,Naputol ang daliri,Trauma team,Blood / OR; Surgical team,,,
Finger cut off,injury,Naputol ang daliri,Blood / OR,Trauma team; Surgical team,,,
Finger cut off,injury,Naputol ang daliri,Surgical team,Trauma team; Blood / OR,,,
First degree burn,injury,First degree burn,Burn care,,,,
Foreign body in eye,injury,May pumasok sa mata,Eye / ENT,,,,
Fracture,injury,Nabali ang buto,X-ray / ortho,,,,
Frostbite,injury,Frostbite,Active warming,,,,
Gunshot to abdomen,injury,Binaril sa tiyan,Trauma team,Surgical team; Blood / OR,,,
Gunshot to abdomen,injury,Binaril sa tiyan,Surgical team,Trauma team; Blood / OR,,,
Gunshot to abdomen,injury,Binaril sa tiyan,Blood / OR,Trauma team; Surgical team,,,
Gunshot to chest,injury,Binaril sa dibdib,Trauma team,Blood / OR; Oxygen / airway,,,
Gunshot to chest,injury,Binaril sa dibdib,Blood / OR,Trauma team; Oxygen / airway,,,
Gunshot to chest,injury,Binaril sa dibdib,Oxygen / airway,Trauma team; Blood / OR,,,
Gunshot to head,injury,Binaril sa ulo,Trauma team,CT / neurosurgery; Blood / OR,,,
Gunshot to head,injury,Binaril sa ulo,CT / neurosurgery,Trauma team; Blood / OR,,,
Gunshot to head,injury,Binaril sa ulo,Blood / OR,Trauma team; CT / neurosurgery,,,
Gunshot to limb,injury,Binaril sa braso o binti,Trauma team,Haemostasis,,,
Gunshot to limb,injury,Binaril sa braso o binti,Haemostasis,Trauma team,,,
Gunshot wound,injury,Binaril,Trauma team,Blood / OR,,,
Gunshot wound,injury,Binaril,Blood / OR,Trauma team,,,
Hacked with bolo,injury,Tinaga,Trauma team,Blood / OR,,,
Hacked with bolo,injury,Tinaga,Blood / OR,Trauma team,,,
Hand cut off,injury,Naputol ang kamay,Trauma team,Blood / OR; Surgical team,,,
Hand cut off,injury,Naputol ang kamay,Blood / OR,Trauma team; Surgical team,,,
Hand cut off,injury,Naputol ang kamay,Surgical team,Trauma team; Blood / OR,,,
Heat exhaustion,injury,Pagod sa init,IV fluids,,,,
Heat stroke,injury,Heat stroke,Resus bay,Active cooling,,,
Heat stroke,injury,Heat stroke,Active cooling,Resus bay,,,
Hit by falling object,injury,Natamaan ng nahulog na bagay,Trauma team,,,,
Hit on head,injury,Tinamaan sa ulo,CT / neurosurgery,,,,
Hot oil burn,injury,Napaso ng mainit na mantika,Burn care,,,,
Human bite,injury,Kinagat ng tao,Wound care,Animal bite service,,,
Human bite,injury,Kinagat ng tao,Animal bite service,Wound care,,,
Hypothermia,injury,Lamig na lamig ang katawan,Active warming,,,,
Large burn,injury,Malaking bahagi ng katawan ang paso,Burn care,Trauma team,,,
Large burn,injury,Malaking bahagi ng katawan ang paso,Trauma team,Burn care,,,
Leg cut off,injury,Naputol ang binti,Trauma team,Blood / OR; Surgical team,,,
Leg cut off,injury,Naputol ang binti,Blood / OR,Trauma team; Surgical team,,,
Leg cut off,injury,Naputol ang binti,Surgical team,Trauma team; Blood / OR,,,
Lightning strike,injury,Tinamaan ng kidlat,Cardiac monitor,,,,
Muscle tear,injury,Napunit ang kalamnan,X-ray / ortho,,,,
Nail puncture,injury,Natusok ng pako,Wound care,,,,
Near drowning,injury,Muntik malunod,Airway + warming,,,,
Neck injury,injury,Napinsala ang leeg,Spinal precautions,CT / neurosurgery,,,
Neck injury,injury,Napinsala ang leeg,CT / neurosurgery,Spinal precautions,,,
Neck pain after accident,injury,Masakit ang leeg pagkatapos ng aksidente,Spinal precautions,,,,
Object in ear,injury,May pumasok sa tainga,Eye / ENT,,,,
Object in nose,injury,May pumasok sa ilong,Eye / ENT,,,,
Open fracture,injury,Bukas na bali,X-ray / ortho,Wound care,,,
Open fracture,injury,Bukas na bali,Wound care,X-ray / ortho,,,
Open head wound,injury,Bukas na sugat sa ulo,Suturing,CT / neurosurgery,,,
Open head wound,injury,Bukas na sugat sa ulo,CT / neurosurgery,Suturing,,,
Pelvic injury,injury,Napinsala ang balakang,Trauma team,,,,
Pulled from water,injury,Naiahon sa tubig,Airway + warming,,,,
Pulled muscle,injury,Napuwersa ang kalamnan,X-ray / ortho,,,,
Puncture wound,injury,Tusok,Wound care,,,,
Rat bite,injury,Nakagat ng daga,Wound care,Animal bite service,,,
Rat bite,injury,Nakagat ng daga,Animal bite service,Wound care,,,
Sank underwater,injury,Lumubog sa tubig,Airway + warming,,,,
Scald,injury,Napaso ng mainit na tubig,Burn care,,,,
Scrape,injury,Galos,Wound care,,,,
Second degree burn,injury,Second degree burn,Burn care,,,,
Skull fracture,injury,Nabasag ang bungo,CT / neurosurgery,Trauma team,,,
Skull fracture,injury,Nabasag ang bungo,Trauma team,CT / neurosurgery,,,
Slashed neck,injury,Hiniwa ang leeg,Trauma team,Oxygen / airway; Haemostasis,,,
Slashed neck,injury,Hiniwa ang leeg,Oxygen / airway,Trauma team; Haemostasis,,,
Slashed neck,injury,Hiniwa ang leeg,Haemostasis,Trauma team; Oxygen / airway,,,
Slip and fall,injury,Nadulas,X-ray / ortho,,,,
Snake bite,injury,Tinuklaw ng ahas,Antivenom,Cardiac monitor,,,
Snake bite,injury,Tinuklaw ng ahas,Cardiac monitor,Antivenom,,,
Spinal injury,injury,Napinsala ang gulugod,Spinal precautions,CT / neurosurgery,,,
Spinal injury,injury,Napinsala ang gulugod,CT / neurosurgery,Spinal precautions,,,
Splinter,injury,Tinik,Wound care,,,,
Sports injury,injury,Nasaktan sa laro,X-ray / ortho,,,,
Sprain,injury,Na-sprain,X-ray / ortho,,,,
Stab wound,injury,Sinaksak,Trauma team,Blood / OR,,,
Stab wound,injury,Sinaksak,Blood / OR,Trauma team,,,
Stab wound to abdomen,injury,Sinaksak sa tiyan,Trauma team,Surgical team,,,
Stab wound to abdomen,injury,Sinaksak sa tiyan,Surgical team,Trauma team,,,
Stab wound to back,injury,Sinaksak sa likod,Trauma team,Spinal precautions,,,
Stab wound to back,injury,Sinaksak sa likod,Spinal precautions,Trauma team,,,
Stab wound to chest,injury,Sinaksak sa dibdib,Trauma team,Blood / OR; Oxygen / airway,,,
Stab wound to chest,injury,Sinaksak sa dibdib,Blood / OR,Trauma team; Oxygen / airway,,,
Stab wound to chest,injury,Sinaksak sa dibdib,Oxygen / airway,Trauma team; Blood / OR,,,
Stab wound to neck,injury,Sinaksak sa leeg,Trauma team,Oxygen / airway; Haemostasis,,,
Stab wound to neck,injury,Sinaksak sa leeg,Oxygen / airway,Trauma team; Haemostasis,,,
Stab wound to neck,injury,Sinaksak sa leeg,Haemostasis,Trauma team; Oxygen / airway,,,
Strain,injury,Napuwersa ang kalamnan,X-ray / ortho,,,,
Struck by object,injury,Natamaan ng bagay,Trauma team,,,,
Sunburn,injury,Nasunog sa araw,Burn care,,,,
Swallowed alcohol,injury,Nakainom ng labis na alak,Poison control / toxicology,,,,
Swallowed kerosene or gasoline,injury,Nakainom ng gasolina o kerosene,Poison control / toxicology,,,,
Swallowed pesticide,injury,Nakainom ng pestisidyo,Poison control / toxicology,,,,
Third degree burn,injury,Third degree burn,Burn care,,,,
Torn ligament,injury,Napunit ang litid,X-ray / ortho,,,,
Tripped,injury,Natisod,X-ray / ortho,,,,
Twisted ankle,injury,Napilayan ang bukung-bukong,X-ray / ortho,,,,
Whiplash,injury,Whiplash,Spinal precautions,CT / neurosurgery,,,
Whiplash,injury,Whiplash,CT / neurosurgery,Spinal precautions,,,
Wound,injury,Sugat,Suturing,,,,
Wound on face,injury,Sugat sa mukha,Suturing,,,,
Wound on foot,injury,Sugat sa paa,Suturing,,,,
Wound on hand,injury,Sugat sa kamay,Suturing,,,,
Wound on head,injury,Sugat sa ulo,Suturing,,,,
Alcohol poisoning,mechanism,Sobrang lasing,Poison control / toxicology,,,,
Anaphylaxis,mechanism,Anaphylaxis,Resus bay,Oxygen / airway,,,
Anaphylaxis,mechanism,Anaphylaxis,Oxygen / airway,Resus bay,,,
Baby fell,mechanism,Nahulog ang sanggol,Trauma team,,,,
Bicycle crash,mechanism,Nahulog sa bisikleta,Trauma team,Spinal precautions,,,
Bicycle crash,mechanism,Nahulog sa bisikleta,Spinal precautions,Trauma team,,,
Boat capsized,mechanism,Tumaob ang bangka,Airway + warming,,,,
Brawl,mechanism,Away,Trauma team,,,,
Building collapse,mechanism,Gumuho ang gusali,Trauma team,Cardiac monitor; IV fluids,,,
Building collapse,mechanism,Gumuho ang gusali,Cardiac monitor,Trauma team; IV fluids,,,
Building collapse,mechanism,Gumuho ang gusali,IV fluids,Trauma team; Cardiac monitor,,,
Buried by landslide,mechanism,Nalibing sa guho,Trauma team,Cardiac monitor; IV fluids,,,
Buried by landslide,mechanism,Nalibing sa guho,Cardiac monitor,Trauma team; IV fluids,,,
Buried by landslide,mechanism,Nalibing sa guho,IV fluids,Trauma team; Cardiac monitor,,,
Buried in rubble,mechanism,Natabunan ng guho,Trauma team,Cardiac monitor; IV fluids,,,
Buried in rubble,mechanism,Natabunan ng guho,Cardiac monitor,Trauma team; IV fluids,,,
Buried in rubble,mechanism,Natabunan ng guho,IV fluids,Trauma team; Cardiac monitor,,,
Bus crash,mechanism,Aksidente sa bus,Trauma team,Spinal precautions,,,
Bus crash,mechanism,Aksidente sa bus,Spinal precautions,Trauma team,,,
Bus fell,mechanism,Nahulog ang bus,Trauma team,Spinal precautions,,,
Bus fell,mechanism,Nahulog ang bus,Spinal precautions,Trauma team,,,
Car crash,mechanism,Aksidente sa kotse,Trauma team,Spinal precautions,,,
Car crash,mechanism,Aksidente sa kotse,Spinal precautions,Trauma team,,,
Chainsaw injury,mechanism,Nahiwa ng chainsaw,Trauma team,Haemostasis,,,
Chainsaw injury,mechanism,Nahiwa ng chainsaw,Haemostasis,Trauma team,,,
Chemical exposure,mechanism,Nalantad sa kemikal,Decontamination,,,,
Chemical spill,mechanism,Natapon ang kemikal,Decontamination,,,,
Child abuse,mechanism,Pang-aabuso sa bata,Protection services,,,,
Child burned,mechanism,Napaso ang bata,Burn care,Paediatrics,,,
Child burned,mechanism,Napaso ang bata,Paediatrics,Burn care,,,
Child choking,mechanism,Nabulunan ang bata,Oxygen / airway,Paediatrics,,,
Child choking,mechanism,Nabulunan ang bata,Paediatrics,Oxygen / airway,,,
Child fell,mechanism,Nahulog ang bata,Trauma team,,,,
Child fell into water,mechanism,Nahulog ang bata sa tubig,Airway + warming,,,,
Child poisoned,mechanism,Nalason ang bata,Poison control / toxicology,,,,
Child swallowed object,mechanism,Nakalunok ang bata,Paediatrics,,,,
Childbirth,mechanism,Panganganak,OB / delivery,,,,
Cold exposure,mechanism,Nabilad sa lamig,Active warming,,,,
Collapsed roof,mechanism,Gumuho ang bubong,Trauma team,Cardiac monitor; IV fluids,,,
Collapsed roof,mechanism,Gumuho ang bubong,Cardiac monitor,Trauma team; IV fluids,,,
Collapsed roof,mechanism,Gumuho ang bubong,IV fluids,Trauma team; Cardiac monitor,,,
Collapsed wall,mechanism,Gumuho ang pader,Trauma team,Cardiac monitor; IV fluids,,,
Collapsed wall,mechanism,Gumuho ang pader,Cardiac monitor,Trauma team; IV fluids,,,
Collapsed wall,mechanism,Gumuho ang pader,IV fluids,Trauma team; Cardiac monitor,,,
Conveyor accident,mechanism,Aksidente sa conveyor,Trauma team,,,,
Crane accident,mechanism,Aksidente sa crane,Trauma team,,,,
Domestic violence,mechanism,Karahasan sa tahanan,Protection services,,,,
Drowning in bathtub,mechanism,Nalunod sa batya,Airway + warming,,,,
Drowning in flood,mechanism,Nalunod sa baha,Airway + warming,,,,
Drowning in pool,mechanism,Nalunod sa swimming pool,Airway + warming,,,,
Drowning in river,mechanism,Nalunod sa ilog,Airway + warming,,,,
Drowning in sea,mechanism,Nalunod sa dagat,Airway + warming,,,,
Drug overdose,mechanism,Sobrang dami ng gamot,Poison control / toxicology,Oxygen / airway,,,
Drug overdose,mechanism,Sobrang dami ng gamot,Oxygen / airway,Poison control / toxicology,,,
Dynamite fishing blast,mechanism,Pumutok na dinamita,Trauma team,Blood / OR; Burn care,,,
Dynamite fishing blast,mechanism,Pumutok na dinamita,Blood / OR,Trauma team; Burn care,,,
Dynamite fishing blast,mechanism,Pumutok na dinamita,Burn care,Trauma team; Blood / OR,,,
Ejected from vehicle,mechanism,Tumilapon,Trauma team,Spinal precautions,,,
Ejected from vehicle,mechanism,Tumilapon,Spinal precautions,Trauma team,,,
Electrical accident,mechanism,Aksidente sa kuryente,Cardiac monitor,,,,
Electrocution,mechanism,Nakuryente,Cardiac monitor,,,,
Explosion,mechanism,Pagsabog,Trauma team,Blood / OR,,,
Explosion,mechanism,Pagsabog,Blood / OR,Trauma team,,,
Fall at construction site,mechanism,Nahulog sa konstruksyon,Trauma team,Spinal precautions,,,
Fall at construction site,mechanism,Nahulog sa konstruksyon,Spinal precautions,Trauma team,,,
Farm accident,mechanism,Aksidente sa bukid,Trauma team,,,,
Fell from bicycle,mechanism,Nahulog sa bisikleta,Trauma team,Spinal precautions,,,
Fell from bicycle,mechanism,Nahulog sa bisikleta,Spinal precautions,Trauma team,,,
Fell from coconut tree,mechanism,Nahulog sa niyog,Trauma team,Spinal precautions,,,
Fell from coconut tree,mechanism,Nahulog sa niyog,Spinal precautions,Trauma team,,,
Fell from ladder,mechanism,Nahulog sa ladder,Trauma team,Spinal precautions,,,
Fell from ladder,mechanism,Nahulog sa ladder,Spinal precautions,Trauma team,,,
Fell from motorcycle,mechanism,Nahulog sa motor,Trauma team,Spinal precautions,,,
Fell from motorcycle,mechanism,Nahulog sa motor,Spinal precautions,Trauma team,,,
Fell from tree,mechanism,Nahulog sa puno,Trauma team,Spinal precautions,,,
Fell from tree,mechanism,Nahulog sa puno,Spinal precautions,Trauma team,,,
Fell into hole,mechanism,Nahulog sa butas,Trauma team,,,,
Fell into well,mechanism,Nahulog sa balon,Trauma team,,,,
Fell off boat,mechanism,Nahulog sa bangka,Airway + warming,,,,
Fell on stairs,mechanism,Nahulog sa hagdan,Trauma team,,,,
Fire,mechanism,Sunog,Burn care,,,,
Fire in house,mechanism,Nasunugan ang bahay,Burn care,Oxygen / airway,,,
Fire in house,mechanism,Nasunugan ang bahay,Oxygen / airway,Burn care,,,
Firecracker injury,mechanism,Napinsala ng paputok,Burn care,Trauma team,,,
Firecracker injury,mechanism,Napinsala ng paputok,Trauma team,Burn care,,,
Food poisoning,mechanism,Nalason sa pagkain,Poison control / toxicology,,,,
Forklift accident,mechanism,Aksidente sa forklift,Trauma team,,,,
Gang violence,mechanism,Away ng grupo,Trauma team,,,,
Gas explosion,mechanism,Sumabog ang LPG,Trauma team,Blood / OR,,,
Gas explosion,mechanism,Sumabog ang LPG,Blood / OR,Trauma team,,,
Gas exposure,mechanism,Nalanghap na gas,Decontamination,,,,
Gas leak,mechanism,Tumagas ang gas,Decontamination,,,,
Hand caught in machine,mechanism,Naipit ang kamay sa makina,Trauma team,,,,
Hanging,mechanism,Binitay ang sarili,Resus bay,Spinal precautions,,,
Hanging,mechanism,Binitay ang sarili,Spinal precautions,Resus bay,,,
Heat exposure,mechanism,Nabilad sa init,Active cooling,,,,
Helicopter crash,mechanism,Bumagsak na helikopter,Trauma team,Spinal precautions,,,
Helicopter crash,mechanism,Bumagsak na helikopter,Spinal precautions,Trauma team,,,
Hit and run,mechanism,Hit and run,Trauma team,,,,
Hit by boat propeller,mechanism,Natamaan ng propeller,Trauma team,Haemostasis,,,
Hit by boat propeller,mechanism,Natamaan ng propeller,Haemostasis,Trauma team,,,
Hit by falling tree,mechanism,Natamaan ng natumbang puno,Trauma team,,,,
Hit by flying debris,mechanism,Natamaan ng lumilipad na bagay,Trauma team,,,,
Hit by vehicle,mechanism,Nasagasaan,Trauma team,Spinal precautions,,,
Hit by vehicle,mechanism,Nasagasaan,Spinal precautions,Trauma team,,,
Hold-up,mechanism,Hold-up,Trauma team,,,,
Home delivery,mechanism,Nanganak sa bahay,OB / delivery,,,,
Industrial accident,mechanism,Aksidente sa pabrika,Trauma team,Cardiac monitor; IV fluids,,,
Industrial accident,mechanism,Aksidente sa pabrika,Cardiac monitor,Trauma team; IV fluids,,,
Industrial accident,mechanism,Aksidente sa pabrika,IV fluids,Trauma team; Cardiac monitor,,,
Industrial chemical exposure,mechanism,Nalantad sa kemikal sa trabaho,Decontamination,,,,
Jeepney accident,mechanism,Aksidente sa jeep,Trauma team,,,,
Landslide,mechanism,Landslide,Trauma team,Cardiac monitor; IV fluids,,,
Landslide,mechanism,Landslide,Cardiac monitor,Trauma team; IV fluids,,,
Landslide,mechanism,Landslide,IV fluids,Trauma team; Cardiac monitor,,,
Lost at sea,mechanism,Nawala sa dagat,Airway + warming,,,,
Machete injury,mechanism,Natamaan ng itak,Trauma team,,,,
Mine accident,mechanism,Aksidente sa minahan,Trauma team,Cardiac monitor; IV fluids,,,
Mine accident,mechanism,Aksidente sa minahan,Cardiac monitor,Trauma team; IV fluids,,,
Mine accident,mechanism,Aksidente sa minahan,IV fluids,Trauma team; Cardiac monitor,,,
Miscarriage,mechanism,Nalaglag ang bata,OB / delivery,,,,
Motorcycle crash,mechanism,Aksidente sa motor,Trauma team,Spinal precautions,,,
Motorcycle crash,mechanism,Aksidente sa motor,Spinal precautions,Trauma team,,,
Obstructed labor,mechanism,Hindi makalabas ang bata,OB / delivery,,,,
Passenger thrown,mechanism,Tumilapon ang pasahero,Trauma team,Spinal precautions,,,
Passenger thrown,mechanism,Tumilapon ang pasahero,Spinal precautions,Trauma team,,,
Pedestrian hit,mechanism,Pedestrian na nabangga,Trauma team,,,,
Pesticide exposure,mechanism,Nalason ng pestisidyo,Poison control / toxicology,,,,
Plane crash,mechanism,Bumagsak na eroplano,Trauma team,Spinal precautions,,,
Plane crash,mechanism,Bumagsak na eroplano,Spinal precautions,Trauma team,,,
Poisoning,mechanism,Nalason,Poison control / toxicology,,,,
Postpartum bleeding,mechanism,Pagdurugo pagkatapos manganak,OB / delivery,Blood / OR,,,
Postpartum bleeding,mechanism,Pagdurugo pagkatapos manganak,Blood / OR,OB / delivery,,,
Preterm labor,mechanism,Maagang panganganak,OB / delivery,,,,
Rice mill accident,mechanism,Naipit sa gilingan,Trauma team,,,,
Road crash,mechanism,Aksidente sa daan,Trauma team,Spinal precautions,,,
Road crash,mechanism,Aksidente sa daan,Spinal precautions,Trauma team,,,
Scaffolding collapse,mechanism,Gumuho ang scaffolding,Trauma team,,,,
Self-harm,mechanism,Sinasaktan ang sarili,Mental health / safety watch,,,,
Sexual assault,mechanism,Sekswal na pang-aabuso,Protection services,,,,
Shaken baby,mechanism,Inalog ang sanggol,Paediatrics,CT / neurosurgery; Protection services,,,
Shaken baby,mechanism,Inalog ang sanggol,CT / neurosurgery,Paediatrics; Protection services,,,
Shaken baby,mechanism,Inalog ang sanggol,Protection services,Paediatrics; CT / neurosurgery,,,
Shooting,mechanism,Pamamaril,Trauma team,Blood / OR,,,
Shooting,mechanism,Pamamaril,Blood / OR,Trauma team,,,
Shot by police,mechanism,Binaril ng pulis,Trauma team,,,,
Smoke inhalation,mechanism,Nalanghap ng usok,Oxygen / airway,Burn care,,,
Smoke inhalation,mechanism,Nalanghap ng usok,Burn care,Oxygen / airway,,,
Stabbing,mechanism,Pananaksak,Trauma team,Blood / OR,,,
Stabbing,mechanism,Pananaksak,Blood / OR,Trauma team,,,
Struck by lightning,mechanism,Tinamaan ng kidlat,Cardiac monitor,,,,
Suicide attempt,mechanism,Tangkang pagpapakamatay,Mental health / safety watch,,,,
Swallowed chemical,mechanism,Nainom ng kemikal,Poison control / toxicology,,,,
Swallowed cleaning product,mechanism,Nainom ng panlinis,Poison control / toxicology,,,,
Swallowed medicine,mechanism,Nainom ng gamot,Poison control / toxicology,,,,
Swept away by flood,mechanism,Tinangay ng baha,Trauma team,Airway + warming,,,
Swept away by flood,mechanism,Tinangay ng baha,Airway + warming,Trauma team,,,
Swept away by river,mechanism,Tinangay ng ilog,Trauma team,Airway + warming,,,
Swept away by river,mechanism,Tinangay ng ilog,Airway + warming,Trauma team,,,
Train accident,mechanism,Aksidente sa tren,Trauma team,Spinal precautions,,,
Train accident,mechanism,Aksidente sa tren,Spinal precautions,Trauma team,,,
Trapped in fire,mechanism,Na-trap sa sunog,Burn care,Oxygen / airway,,,
Trapped in fire,mechanism,Na-trap sa sunog,Oxygen / airway,Burn care,,,
Trapped in flood,mechanism,Na-trap sa baha,Airway + warming,,,,
Tricycle crash,mechanism,Aksidente sa traysikel,Trauma team,Spinal precautions,,,
Tricycle crash,mechanism,Aksidente sa traysikel,Spinal precautions,Trauma team,,,
Truck collision,mechanism,Nabangga ng trak,Trauma team,,,,
Truck crash,mechanism,Aksidente sa trak,Trauma team,Spinal precautions,,,
Truck crash,mechanism,Aksidente sa trak,Spinal precautions,Trauma team,,,
Vehicle fell into river,mechanism,Nahulog sa ilog ang sasakyan,Airway + warming,,,,
Vehicle fell off cliff,mechanism,Nahulog sa bangin,Trauma team,Spinal precautions,,,
Vehicle fell off cliff,mechanism,Nahulog sa bangin,Spinal precautions,Trauma team,,,
Vehicle rollover,mechanism,Tumaob ang sasakyan,Trauma team,Spinal precautions,,,
Vehicle rollover,mechanism,Tumaob ang sasakyan,Spinal precautions,Trauma team,,,
Amputated part,sign,Naputol,Trauma team,,,,
Bleeding from ear,sign,Dumudugo ang tainga,Haemostasis,,,,
Bleeding from head,sign,Dumudugo ang ulo,Haemostasis,,,,
Chemical on skin,sign,May kemikal sa balat,Decontamination,,,,
Crushed limb,sign,Naipit,Trauma team,Cardiac monitor; IV fluids,,,
Crushed limb,sign,Naipit,Cardiac monitor,Trauma team; IV fluids,,,
Crushed limb,sign,Naipit,IV fluids,Trauma team; Cardiac monitor,,,
Intestines visible,sign,Nakalabas ang bituka,Trauma team,Surgical team,,,
Intestines visible,sign,Nakalabas ang bituka,Surgical team,Trauma team,,,
No heartbeat,sign,Walang tibok ng puso,Resus bay,Cardiac monitor,,,
No heartbeat,sign,Walang tibok ng puso,Cardiac monitor,Resus bay,,,
Not breathing,sign,Hindi humihinga,Resus bay,Oxygen / airway,,,
Not breathing,sign,Hindi humihinga,Oxygen / airway,Resus bay,,,
Trapped,sign,Nakulong,Trauma team,Cardiac monitor; IV fluids,,,
Trapped,sign,Nakulong,Cardiac monitor,Trauma team; IV fluids,,,
Trapped,sign,Nakulong,IV fluids,Trauma team; Cardiac monitor,,,
Vomiting after head injury,sign,Nagsusuka pagkatapos mauntog,CT / neurosurgery,Neuro obs,,,
Vomiting after head injury,sign,Nagsusuka pagkatapos mauntog,Neuro obs,CT / neurosurgery,,,
Aggression,symptom,Nananakit,Mental health / safety watch,,,,
Agitation,symptom,Balisa,Mental health / safety watch,,,,
Baby coming out,symptom,Lalabas na ang bata,OB / delivery,Paediatrics,,,
Baby coming out,symptom,Lalabas na ang bata,Paediatrics,OB / delivery,,,
Baby crowning,symptom,Lumalabas na ang ulo ng bata,OB / delivery,Paediatrics,,,
Baby crowning,symptom,Lumalabas na ang ulo ng bata,Paediatrics,OB / delivery,,,
Baby not breathing,symptom,Hindi humihinga ang sanggol,Resus bay,Paediatrics; Oxygen / airway,,,
Baby not breathing,symptom,Hindi humihinga ang sanggol,Paediatrics,Resus bay; Oxygen / airway,,,
Baby not breathing,symptom,Hindi humihinga ang sanggol,Oxygen / airway,Resus bay; Paediatrics,,,
Baby not crying,symptom,Hindi umiiyak ang bagong silang,Resus bay,Paediatrics; Oxygen / airway,,,
Baby not crying,symptom,Hindi umiiyak ang bagong silang,Paediatrics,Resus bay; Oxygen / airway,,,
Baby not crying,symptom,Hindi umiiyak ang bagong silang,Oxygen / airway,Resus bay; Paediatrics,,,
Black stool,symptom,Itim na dumi,Blood / OR,,,,
Bleeding from wound that soaks through,symptom,Basa na ng dugo ang benda,Haemostasis,,,,
Bleeding that will not stop,symptom,Hindi tumitigil ang dugo,Blood / OR,Haemostasis,,,
Bleeding that will not stop,symptom,Hindi tumitigil ang dugo,Haemostasis,Blood / OR,,,
Bloody stool,symptom,May dugo ang dumi,Blood / OR,,,,
Breathing stopped suddenly,symptom,Biglang huminto ang paghinga,Resus bay,Oxygen / airway,,,
Breathing stopped suddenly,symptom,Biglang huminto ang paghinga,Oxygen / airway,Resus bay,,,
Breathless lying flat,symptom,Hindi makahiga,Oxygen / airway,,,,
Cannot breathe,symptom,Hindi makahinga,Oxygen / airway,,,,
Chest indrawing,symptom,Lumulubog ang dibdib kapag humihinga,Oxygen / airway,Paediatrics,,,
Chest indrawing,symptom,Lumulubog ang dibdib kapag humihinga,Paediatrics,Oxygen / airway,,,
Chest tightness,symptom,Mabigat ang dibdib,ECG / cardiology,Cardiac monitor,,,
Chest tightness,symptom,Mabigat ang dibdib,Cardiac monitor,ECG / cardiology,,,
Choking,symptom,Nabulunan,Oxygen / airway,,,,
Choking on food,symptom,Nabulunan sa pagkain,Oxygen / airway,,,,
Confusion,symptom,Litong-lito,Neuro obs,,,,
Contractions,symptom,Humihilab ang tiyan,OB / delivery,,,,
Convulsions in pregnancy,symptom,Kumbulsyon habang buntis,OB / delivery,Neuro obs,,,
Convulsions in pregnancy,symptom,Kumbulsyon habang buntis,Neuro obs,OB / delivery,,,
Cord visible,symptom,Nakalabas ang pusod ng bata,OB / delivery,,,,
Coughing blood,symptom,Umuubo ng dugo,Blood / OR,,,,
Covered in blood,symptom,Duguan,Haemostasis,,,,
Decreased baby movement,symptom,Hindi gumagalaw ang bata sa tiyan,OB / delivery,,,,
Dehydration,symptom,Dehydrated,IV fluids,,,,
Diarrhea,symptom,Nagtatae,IV fluids,,,,
Difficulty waking,symptom,Hindi magising,Neuro obs,,,,
Disorientation,symptom,Hindi alam kung nasaan,Neuro obs,,,,
Facial drooping,symptom,Nakabaluktot ang mukha,Stroke team / CT,,,,
Fast heartbeat,symptom,Mabilis ang tibok ng puso,ECG / cardiology,Cardiac monitor,,,
Fast heartbeat,symptom,Mabilis ang tibok ng puso,Cardiac monitor,ECG / cardiology,,,
Fever and rash,symptom,Lagnat at butlig,Isolation room,,,,
Fever and stiff neck,symptom,Lagnat at naninigas ang leeg,Isolation room,Neuro obs,,,
Fever and stiff neck,symptom,Lagnat at naninigas ang leeg,Neuro obs,Isolation room,,,
Fingers turning blue,symptom,Nangingitim ang daliri,Oxygen / airway,,,,
Flaring nostrils,symptom,Namimintig ang ilong sa paghinga,Oxygen / airway,Paediatrics,,,
Flaring nostrils,symptom,Namimintig ang ilong sa paghinga,Paediatrics,Oxygen / airway,,,
Gasping,symptom,Humahangos,Oxygen / airway,,,,
Grunting breath,symptom,Umuungol kapag humihinga,Oxygen / airway,Paediatrics,,,
Grunting breath,symptom,Umuungol kapag humihinga,Paediatrics,Oxygen / airway,,,
Hearing voices,symptom,Nakakarinig ng boses,Mental health / safety watch,,,,
Heavy bleeding,symptom,Maraming dugo,Blood / OR,,,,
Irregular heartbeat,symptom,Hindi regular ang tibok ng puso,ECG / cardiology,Cardiac monitor,,,
Irregular heartbeat,symptom,Hindi regular ang tibok ng puso,Cardiac monitor,ECG / cardiology,,,
Just gave birth,symptom,Nanganak na,OB / delivery,Paediatrics,,,
Just gave birth,symptom,Nanganak na,Paediatrics,OB / delivery,,,
Labor pains,symptom,Naglalabor,OB / delivery,,,,
Leaking fluid in pregnancy,symptom,Pumutok ang panubigan,OB / delivery,,,,
Lips turning blue,symptom,Nangingitim ang labi,Oxygen / airway,,,,
Loss of vision,symptom,Hindi makakita,Eye / ENT,,,,
Memory loss,symptom,Nakalimutan,Neuro obs,,,,
No baby movement,symptom,Hindi gumagalaw ang bata sa tiyan,OB / delivery,,,,
Noisy breathing,symptom,Maingay huminga,Oxygen / airway,,,,
Nosebleed,symptom,Dumudugo ang ilong,Haemostasis,,,,
Not waking up,symptom,Hindi magising,Neuro obs,Glucose check,,,
Not waking up,symptom,Hindi magising,Glucose check,Neuro obs,,,
Open wound,symptom,Bukas na sugat,Suturing,,,,
Overdosed on pills,symptom,Sobrang daming nainom na gamot,Poison control / toxicology,,,,
Pain spreading to arm,symptom,Kumakalat ang sakit sa braso,ECG / cardiology,Cardiac monitor,,,
Pain spreading to arm,symptom,Kumakalat ang sakit sa braso,Cardiac monitor,ECG / cardiology,,,
Palpitations,symptom,Pagtibok ng puso,ECG / cardiology,Cardiac monitor,,,
Palpitations,symptom,Pagtibok ng puso,Cardiac monitor,ECG / cardiology,,,
Passing blood in stool,symptom,Dumudumi ng dugo,Blood / OR,,,,
Pulsing bleeding,symptom,Bumubulwak ang dugo,Blood / OR,Haemostasis; Trauma team,,,
Pulsing bleeding,symptom,Bumubulwak ang dugo,Haemostasis,Blood / OR; Trauma team,,,
Pulsing bleeding,symptom,Bumubulwak ang dugo,Trauma team,Blood / OR; Haemostasis,,,
Rapid breathing,symptom,Mabilis huminga,Oxygen / airway,,,,
Repeated vomiting,symptom,Paulit-ulit na pagsusuka,IV fluids,,,,
Seizure,symptom,Kinukumbulsyon,Neuro obs,,,,
Severe headache in pregnancy,symptom,Matinding sakit ng ulo habang buntis,OB / delivery,,,,
Shortness of breath,symptom,Kinakapos ng hininga,Oxygen / airway,,,,
Slow heartbeat,symptom,Mabagal ang tibok ng puso,ECG / cardiology,Cardiac monitor,,,
Slow heartbeat,symptom,Mabagal ang tibok ng puso,Cardiac monitor,ECG / cardiology,,,
Slurred speech,symptom,Utal magsalita,Stroke team / CT,,,,
Sudden difficulty speaking,symptom,Biglang hindi makapagsalita,Stroke team / CT,,,,
Sudden loss of vision,symptom,Biglang nabulag,Stroke team / CT,Eye / ENT,,,
Sudden loss of vision,symptom,Biglang nabulag,Eye / ENT,Stroke team / CT,,,
Sudden numbness,symptom,Biglang pamamanhid,Stroke team / CT,,,,
Sudden severe headache,symptom,Biglang matinding sakit ng ulo,Stroke team / CT,,,,
Sudden weakness,symptom,Biglang panghihina,Stroke team / CT,,,,
Suicidal thoughts,symptom,Gustong magpakamatay,Mental health / safety watch,,,,
Swollen face in pregnancy,symptom,Namamaga ang mukha habang buntis,OB / delivery,,,,
Threatening to harm others,symptom,Nagbabanta na manakit,Mental health / safety watch,,,,
Threatening to harm self,symptom,Nagbabanta na magpakamatay,Mental health / safety watch,,,,
Unable to speak,symptom,Hindi makapagsalita,Stroke team / CT,,,,
Vaginal bleeding,symptom,Dumudugo ang puki,OB / delivery,,,,
Violent outburst,symptom,Nagwawala,Mental health / safety watch,,,,
Vomiting blood,symptom,Nagsusuka ng dugo,Blood / OR,,,,
Vomiting with blood,symptom,Suka na may dugo,Blood / OR,,,,
Water diarrhea,symptom,Matubig na dumi,IV fluids,Isolation room,,,
Water diarrhea,symptom,Matubig na dumi,Isolation room,IV fluids,,,
Weakness on one side,symptom,Hindi maigalaw ang isang bahagi ng katawan,Stroke team / CT,,,,
Wheezing,symptom,Humuhuni ang hininga,Oxygen / airway,,,,
